student_id,resource_id,rating
S001,R31,4.0
S001,R21,4.0
S001,R07,3.0
S001,R25,1.0
S001,R09,3.0
S001,R34,1.0
S001,R24,1.0
S001,R23,4.0
S001,R06,3.0
S001,R11,2.0
S001,R30,4.0
S001,R03,3.0
S002,R09,4.0
S002,R36,2.0
S002,R10,3.0
S002,R32,4.0
S002,R28,2.0
S002,R18,2.0
S002,R01,2.0
S002,R16,3.0
S002,R30,2.0
S002,R21,3.0
S002,R29,3.0
S003,R20,3.0
S003,R08,2.0
S003,R24,3.0
S003,R28,4.0
S003,R14,5.0
S003,R13,4.0
S003,R04,4.0
S003,R07,1.0
S003,R25,2.0
S003,R22,2.0
S003,R11,2.0
S003,R30,5.0
S003,R05,2.0
S003,R06,3.0
S004,R05,3.0
S004,R01,3.0
S004,R15,4.0
S004,R16,2.0
S004,R28,2.0
S004,R07,3.0
S004,R08,4.0
S004,R34,3.0
S004,R32,2.0
S004,R06,3.0
S004,R29,3.0
S004,R17,3.0
S004,R35,2.0
S005,R09,3.0
S005,R23,2.0
S005,R24,5.0
S005,R27,3.0
S005,R35,3.0
S005,R16,2.0
S005,R21,2.0
S005,R07,3.0
S005,R01,2.0
S005,R08,3.0
S005,R34,3.0
S005,R28,2.0
S005,R12,3.0
S005,R36,3.0
S005,R29,1.0
S005,R06,2.0
S006,R26,3.0
S006,R21,3.0
S006,R20,3.0
S006,R18,5.0
S006,R11,1.0
S006,R27,3.0
S006,R02,3.0
S006,R19,3.0
S006,R34,1.0
S006,R12,3.0
S006,R13,5.0
S006,R32,1.0
S006,R01,2.0
S006,R33,2.0
S007,R09,5.0
S007,R23,3.0
S007,R26,3.0
S007,R11,2.0
S007,R35,1.0
S007,R24,3.0
S007,R13,2.0
S007,R25,2.0
S007,R06,2.0
S007,R30,2.0
S008,R10,2.0
S008,R09,3.0
S008,R17,2.0
S008,R03,3.0
S008,R14,3.0
S008,R30,3.0
S008,R32,3.0
S008,R22,2.0
S008,R04,3.0
S008,R34,3.0
S008,R01,4.0
S008,R08,3.0
S008,R13,2.0
S008,R29,4.0
S008,R28,2.0
S008,R26,2.0
S009,R23,3.0
S009,R29,3.0
S009,R02,3.0
S009,R24,1.0
S009,R09,2.0
S009,R13,3.0
S009,R22,4.0
S009,R05,3.0
S009,R07,2.0
S010,R36,2.0
S010,R30,2.0
S010,R07,5.0
S010,R32,4.0
S010,R27,4.0
S010,R14,3.0
S010,R18,2.0
S010,R33,5.0
S010,R20,3.0
S010,R23,3.0
S010,R26,3.0
S010,R28,1.0
S010,R02,3.0
S010,R22,3.0
S010,R15,2.0
S010,R31,2.0
S011,R25,3.0
S011,R11,3.0
S011,R24,2.0
S011,R22,4.0
S011,R04,4.0
S011,R29,3.0
S011,R35,4.0
S011,R06,1.0
S011,R31,1.0
S011,R02,3.0
S011,R23,4.0
S012,R34,4.0
S012,R25,3.0
S012,R16,2.0
S012,R35,3.0
S012,R08,1.0
S012,R27,1.0
S012,R30,2.0
S012,R04,3.0
S012,R22,3.0
S012,R12,3.0
S012,R02,2.0
S012,R13,2.0
S012,R01,4.0
S013,R20,4.0
S013,R22,2.0
S013,R33,3.0
S013,R01,2.0
S013,R32,4.0
S013,R19,4.0
S013,R16,3.0
S013,R27,3.0
S013,R18,2.0
S013,R03,3.0
S013,R36,3.0
S013,R17,4.0
S013,R12,4.0
S013,R21,3.0
S013,R35,2.0
S013,R31,2.0
S014,R06,4.0
S014,R29,3.0
S014,R21,3.0
S014,R14,3.0
S014,R02,4.0
S014,R16,4.0
S014,R08,2.0
S014,R01,4.0
S014,R30,3.0
S014,R07,3.0
S014,R26,2.0
S015,R29,2.0
S015,R18,2.0
S015,R06,4.0
S015,R17,3.0
S015,R13,3.0
S015,R05,4.0
S015,R35,3.0
S015,R30,3.0
S015,R15,3.0
S015,R07,2.0
S015,R27,2.0
S015,R12,3.0
S015,R11,2.0
S015,R28,2.0
S016,R15,3.0
S016,R04,3.0
S016,R24,2.0
S016,R01,2.0
S016,R03,3.0
S016,R14,3.0
S016,R32,3.0
S016,R06,2.0
S016,R13,2.0
S016,R21,3.0
S016,R26,2.0
S016,R19,2.0
S016,R34,3.0
S016,R02,2.0
S017,R31,3.0
S017,R03,4.0
S017,R36,3.0
S017,R08,3.0
S017,R24,1.0
S017,R09,3.0
S017,R12,2.0
S017,R13,3.0
S017,R29,3.0
S017,R17,4.0
S017,R28,2.0
S018,R05,4.0
S018,R12,3.0
S018,R34,4.0
S018,R19,2.0
S018,R08,2.0
S018,R29,1.0
S018,R16,4.0
S018,R03,4.0
S018,R20,2.0
S018,R25,1.0
S018,R02,3.0
S018,R17,3.0
S018,R23,3.0
S018,R36,3.0
S018,R14,4.0
S019,R21,5.0
S019,R17,2.0
S019,R25,2.0
S019,R13,3.0
S019,R11,3.0
S019,R34,2.0
S019,R28,1.0
S019,R04,3.0
S019,R01,4.0
S019,R23,4.0
S020,R22,2.0
S020,R05,3.0
S020,R29,4.0
S020,R32,2.0
S020,R09,3.0
S020,R08,3.0
S020,R04,3.0
S020,R33,4.0
S020,R06,2.0
S020,R30,3.0
S020,R25,2.0
S020,R11,2.0
S020,R15,2.0
S020,R13,3.0
S021,R36,2.0
S021,R19,2.0
S021,R11,3.0
S021,R12,4.0
S021,R29,3.0
S021,R06,1.0
S021,R16,3.0
S021,R05,4.0
S021,R23,4.0
S021,R31,2.0
S021,R34,3.0
S021,R09,4.0
S022,R26,4.0
S022,R33,3.0
S022,R12,3.0
S022,R28,3.0
S022,R24,4.0
S022,R01,3.0
S022,R22,2.0
S022,R32,3.0
S022,R11,2.0
S023,R17,3.0
S023,R02,3.0
S023,R33,3.0
S023,R03,1.0
S023,R36,2.0
S023,R34,4.0
S023,R29,3.0
S023,R15,3.0
S023,R12,3.0
S023,R26,4.0
S023,R05,3.0
S023,R06,3.0
S023,R19,3.0
S023,R09,5.0
S024,R08,4.0
S024,R15,1.0
S024,R36,4.0
S024,R10,3.0
S024,R29,1.0
S024,R09,5.0
S024,R14,2.0
S024,R28,2.0
S024,R23,2.0
S024,R04,3.0
S024,R11,3.0
S024,R19,3.0
S024,R07,3.0
S024,R01,4.0
S024,R13,3.0
S024,R21,2.0
S025,R28,1.0
S025,R06,4.0
S025,R05,5.0
S025,R30,2.0
S025,R25,1.0
S025,R04,4.0
S025,R07,3.0
S025,R14,3.0
S025,R20,3.0
S025,R27,1.0
S025,R16,3.0
S025,R11,3.0
S026,R21,2.0
S026,R09,4.0
S026,R25,3.0
S026,R36,3.0
S026,R32,2.0
S026,R29,2.0
S026,R01,3.0
S026,R24,3.0
S026,R15,1.0
S026,R23,2.0
S026,R35,2.0
S026,R31,3.0
S026,R28,1.0
S026,R16,3.0
S027,R30,3.0
S027,R13,3.0
S027,R08,3.0
S027,R26,2.0
S027,R19,2.0
S027,R29,2.0
S027,R16,4.0
S027,R35,2.0
S027,R32,3.0
S027,R11,2.0
S027,R10,4.0
S028,R18,2.0
S028,R34,2.0
S028,R02,2.0
S028,R17,2.0
S028,R12,4.0
S028,R36,2.0
S028,R25,5.0
S028,R04,2.0
S028,R23,2.0
S028,R19,2.0
S028,R21,3.0
S028,R16,3.0
S029,R04,4.0
S029,R21,3.0
S029,R29,4.0
S029,R12,3.0
S029,R24,1.0
S029,R08,3.0
S029,R07,3.0
S029,R11,2.0
S029,R02,3.0
S029,R10,4.0
S029,R28,2.0
S029,R06,3.0
S029,R30,3.0
S029,R01,3.0
S029,R31,1.0
S030,R35,3.0
S030,R20,3.0
S030,R28,2.0
S030,R09,4.0
S030,R13,3.0
S030,R23,3.0
S030,R21,3.0
S030,R01,4.0
S030,R26,3.0
S030,R36,3.0
S030,R06,2.0
S031,R10,5.0
S031,R24,3.0
S031,R14,4.0
S031,R30,2.0
S031,R20,3.0
S031,R21,2.0
S031,R31,1.0
S031,R16,4.0
S031,R22,2.0
S031,R36,2.0
S031,R15,5.0
S031,R17,5.0
S031,R05,2.0
S031,R35,1.0
S031,R08,3.0
S031,R27,3.0
S032,R04,2.0
S032,R24,4.0
S032,R30,2.0
S032,R09,5.0
S032,R10,3.0
S032,R23,2.0
S032,R21,1.0
S032,R25,4.0
S032,R03,2.0
S032,R14,3.0
S032,R33,3.0
S032,R28,3.0
S033,R05,2.0
S033,R06,3.0
S033,R18,3.0
S033,R23,2.0
S033,R01,4.0
S033,R33,4.0
S033,R20,3.0
S033,R19,2.0
S033,R13,4.0
S033,R35,3.0
S033,R17,5.0
S034,R12,4.0
S034,R28,2.0
S034,R32,4.0
S034,R01,4.0
S034,R24,2.0
S034,R17,3.0
S034,R04,3.0
S034,R06,2.0
S034,R31,2.0
S034,R20,3.0
S034,R07,4.0
S034,R02,2.0
S034,R26,5.0
S034,R36,3.0
S034,R30,3.0
S034,R03,2.0
S035,R27,2.0
S035,R18,2.0
S035,R32,3.0
S035,R04,2.0
S035,R25,3.0
S035,R20,1.0
S035,R13,3.0
S035,R24,3.0
S035,R26,5.0
S035,R17,3.0
S036,R14,2.0
S036,R30,2.0
S036,R22,5.0
S036,R20,3.0
S036,R18,2.0
S036,R02,3.0
S036,R36,2.0
S036,R33,4.0
S036,R07,2.0
S036,R19,5.0
S036,R29,2.0
S036,R27,3.0
S036,R32,4.0
S036,R16,1.0
S036,R08,2.0
S037,R29,3.0
S037,R07,2.0
S037,R06,4.0
S037,R34,3.0
S037,R27,3.0
S037,R15,4.0
S037,R18,3.0
S037,R10,5.0
S037,R23,3.0
S037,R22,2.0
S037,R02,2.0
S037,R28,2.0
S037,R24,2.0
S037,R25,2.0
S037,R09,4.0
S038,R25,2.0
S038,R07,2.0
S038,R24,3.0
S038,R11,3.0
S038,R17,2.0
S038,R27,2.0
S038,R12,2.0
S038,R23,5.0
S038,R29,2.0
S038,R31,1.0
S038,R18,2.0
S038,R13,3.0
S038,R09,3.0
S039,R04,3.0
S039,R32,3.0
S039,R35,2.0
S039,R26,3.0
S039,R29,3.0
S039,R09,2.0
S039,R19,2.0
S039,R17,2.0
S039,R24,2.0
S039,R10,2.0
S039,R21,3.0
S039,R23,3.0
S039,R22,3.0
S039,R25,2.0
S039,R07,2.0
S040,R06,2.0
S040,R09,4.0
S040,R19,2.0
S040,R26,5.0
S040,R31,1.0
S040,R22,2.0
S040,R15,1.0
S040,R27,3.0
S040,R20,3.0
S040,R02,3.0
S041,R36,1.0
S041,R12,3.0
S041,R30,1.0
S041,R02,3.0
S041,R17,3.0
S041,R01,3.0
S041,R33,2.0
S041,R10,2.0
S041,R32,3.0
S042,R06,3.0
S042,R10,3.0
S042,R11,2.0
S042,R21,2.0
S042,R20,2.0
S042,R32,2.0
S042,R18,3.0
S042,R17,3.0
S042,R22,2.0
S042,R25,2.0
S042,R19,2.0
S043,R11,3.0
S043,R33,4.0
S043,R04,2.0
S043,R26,4.0
S043,R35,2.0
S043,R34,3.0
S043,R30,3.0
S043,R25,4.0
S043,R23,2.0
S044,R13,4.0
S044,R26,2.0
S044,R17,2.0
S044,R21,3.0
S044,R33,4.0
S044,R10,2.0
S044,R14,3.0
S044,R34,2.0
S044,R23,2.0
S044,R02,2.0
S044,R20,3.0
S044,R32,3.0
S045,R17,3.0
S045,R04,2.0
S045,R31,4.0
S045,R02,3.0
S045,R09,1.0
S045,R27,2.0
S045,R20,3.0
S045,R33,3.0
S045,R01,4.0
S045,R32,3.0
S045,R03,3.0
S045,R15,4.0
S046,R35,2.0
S046,R21,2.0
S046,R11,2.0
S046,R05,3.0
S046,R30,3.0
S046,R28,4.0
S046,R10,4.0
S046,R25,3.0
S046,R31,4.0
S046,R36,3.0
S046,R33,4.0
S046,R27,3.0
S046,R18,3.0
S046,R07,2.0
S047,R17,2.0
S047,R15,3.0
S047,R16,4.0
S047,R25,3.0
S047,R05,2.0
S047,R12,4.0
S047,R29,3.0
S047,R30,3.0
S047,R35,2.0
S048,R20,3.0
S048,R16,2.0
S048,R17,3.0
S048,R30,1.0
S048,R11,3.0
S048,R21,5.0
S048,R23,4.0
S048,R32,4.0
S048,R01,3.0
S048,R14,3.0
S048,R18,2.0
S048,R10,3.0
S048,R07,1.0
S048,R22,4.0
S048,R13,2.0
S048,R31,1.0
S049,R36,2.0
S049,R04,3.0
S049,R08,2.0
S049,R16,1.0
S049,R12,3.0
S049,R19,5.0
S049,R05,3.0
S049,R20,3.0
S049,R22,5.0
S049,R21,4.0
S049,R33,4.0
S049,R23,3.0
S049,R35,3.0
S049,R07,2.0
S049,R02,3.0
S050,R13,4.0
S050,R25,2.0
S050,R31,4.0
S050,R19,2.0
S050,R29,5.0
S050,R02,2.0
S050,R26,1.0
S050,R01,2.0
S050,R06,2.0
S050,R21,3.0
S050,R27,2.0
S051,R31,3.0
S051,R25,3.0
S051,R29,3.0
S051,R11,3.0
S051,R13,2.0
S051,R02,2.0
S051,R21,5.0
S051,R17,2.0
S051,R04,3.0
S052,R21,3.0
S052,R32,4.0
S052,R24,3.0
S052,R35,2.0
S052,R29,3.0
S052,R30,2.0
S052,R03,2.0
S052,R16,4.0
S052,R34,2.0
S053,R04,4.0
S053,R31,2.0
S053,R07,2.0
S053,R30,2.0
S053,R15,3.0
S053,R01,4.0
S053,R14,3.0
S053,R34,3.0
S053,R32,4.0
S053,R09,2.0
S053,R05,4.0
S053,R29,3.0
S053,R33,4.0
S053,R28,2.0
S053,R02,3.0
S054,R17,2.0
S054,R30,3.0
S054,R07,1.0
S054,R20,2.0
S054,R31,3.0
S054,R32,2.0
S054,R34,3.0
S054,R18,3.0
S054,R08,2.0
S054,R12,3.0
S054,R35,2.0
S054,R25,2.0
S054,R33,2.0
S054,R36,1.0
S054,R27,2.0
S054,R28,4.0
S055,R23,3.0
S055,R02,2.0
S055,R18,2.0
S055,R30,4.0
S055,R32,2.0
S055,R08,1.0
S055,R10,3.0
S055,R27,2.0
S055,R09,2.0
S056,R11,3.0
S056,R07,2.0
S056,R34,2.0
S056,R02,2.0
S056,R03,3.0
S056,R13,2.0
S056,R15,2.0
S056,R06,4.0
S056,R12,3.0
S056,R32,3.0
S056,R24,1.0
S056,R29,3.0
S057,R33,2.0
S057,R21,2.0
S057,R09,4.0
S057,R32,3.0
S057,R25,4.0
S057,R07,3.0
S057,R13,2.0
S057,R18,2.0
S057,R16,2.0
S057,R08,3.0
S057,R24,4.0
S057,R28,2.0
S057,R03,2.0
S057,R31,3.0
S057,R23,2.0
S057,R05,2.0
S058,R26,3.0
S058,R28,5.0
S058,R13,3.0
S058,R35,2.0
S058,R10,2.0
S058,R05,3.0
S058,R24,1.0
S058,R36,2.0
S058,R27,2.0
S058,R06,2.0
S058,R18,4.0
S058,R32,2.0
S058,R12,3.0
S058,R20,2.0
S058,R07,3.0
S058,R29,4.0
S059,R30,4.0
S059,R19,3.0
S059,R35,3.0
S059,R05,2.0
S059,R24,2.0
S059,R13,4.0
S059,R22,2.0
S059,R23,2.0
S059,R16,2.0
S060,R20,3.0
S060,R16,2.0
S060,R12,2.0
S060,R06,3.0
S060,R25,3.0
S060,R18,4.0
S060,R05,2.0
S060,R21,3.0
S060,R29,5.0
S060,R01,3.0
S060,R08,2.0
S061,R36,3.0
S061,R02,3.0
S061,R05,2.0
S061,R04,3.0
S061,R27,2.0
S061,R01,3.0
S061,R08,1.0
S061,R06,2.0
S061,R32,3.0
S061,R13,3.0
S061,R31,2.0
S061,R16,1.0
S061,R03,2.0
S062,R35,2.0
S062,R05,3.0
S062,R30,2.0
S062,R31,1.0
S062,R36,3.0
S062,R34,1.0
S062,R12,2.0
S062,R32,2.0
S062,R01,2.0
S062,R09,2.0
S062,R06,3.0
S062,R11,1.0
S063,R23,3.0
S063,R06,2.0
S063,R26,2.0
S063,R35,3.0
S063,R14,4.0
S063,R08,2.0
S063,R33,2.0
S063,R07,2.0
S063,R13,4.0
S063,R24,1.0
S063,R27,2.0
S063,R15,2.0
S064,R05,3.0
S064,R28,3.0
S064,R29,3.0
S064,R04,2.0
S064,R22,4.0
S064,R06,2.0
S064,R32,2.0
S064,R31,1.0
S064,R26,3.0
S064,R20,3.0
S064,R34,4.0
S064,R35,3.0
S064,R14,2.0
S064,R19,3.0
S064,R30,2.0
S065,R09,3.0
S065,R31,4.0
S065,R29,4.0
S065,R06,3.0
S065,R15,3.0
S065,R13,4.0
S065,R14,3.0
S065,R27,3.0
S065,R30,3.0
S065,R11,2.0
S065,R07,1.0
S065,R32,1.0
S065,R05,2.0
S066,R01,4.0
S066,R03,2.0
S066,R22,4.0
S066,R19,3.0
S066,R30,1.0
S066,R18,2.0
S066,R32,3.0
S066,R10,2.0
S066,R12,3.0
S066,R13,1.0
S066,R16,2.0
S067,R17,4.0
S067,R33,4.0
S067,R04,4.0
S067,R06,5.0
S067,R18,2.0
S067,R25,2.0
S067,R07,1.0
S067,R22,2.0
S067,R13,2.0
S067,R20,4.0
S068,R18,1.0
S068,R04,5.0
S068,R27,2.0
S068,R06,4.0
S068,R30,2.0
S068,R07,3.0
S068,R02,5.0
S068,R16,3.0
S068,R28,2.0
S068,R09,3.0
S068,R21,4.0
S068,R11,2.0
S068,R32,3.0
S068,R20,2.0
S069,R14,2.0
S069,R06,5.0
S069,R07,1.0
S069,R02,3.0
S069,R35,3.0
S069,R05,5.0
S069,R20,2.0
S069,R04,4.0
S069,R11,3.0
S069,R22,2.0
S069,R26,4.0
S070,R18,2.0
S070,R23,4.0
S070,R20,4.0
S070,R22,5.0
S070,R32,2.0
S070,R25,2.0
S070,R26,2.0
S070,R07,1.0
S070,R15,3.0
S070,R35,3.0
S070,R12,3.0
S071,R23,2.0
S071,R15,3.0
S071,R02,3.0
S071,R13,4.0
S071,R27,4.0
S071,R11,2.0
S071,R36,2.0
S071,R08,3.0
S071,R30,3.0
S071,R35,2.0
S071,R09,3.0
S071,R34,1.0
S071,R19,3.0
S072,R03,1.0
S072,R32,3.0
S072,R04,2.0
S072,R23,2.0
S072,R01,3.0
S072,R02,2.0
S072,R22,1.0
S072,R34,3.0
S072,R15,1.0
S072,R11,2.0
S073,R29,4.0
S073,R15,4.0
S073,R34,3.0
S073,R18,3.0
S073,R22,2.0
S073,R19,2.0
S073,R07,2.0
S073,R14,4.0
S073,R23,2.0
S074,R16,4.0
S074,R31,3.0
S074,R22,4.0
S074,R28,2.0
S074,R26,2.0
S074,R18,3.0
S074,R24,3.0
S074,R10,4.0
S074,R11,2.0
S074,R32,4.0
S074,R25,2.0
S074,R02,3.0
S074,R30,3.0
S074,R35,2.0
S074,R21,2.0
S074,R03,3.0
S075,R25,2.0
S075,R34,2.0
S075,R30,4.0
S075,R17,4.0
S075,R13,2.0
S075,R32,2.0
S075,R01,4.0
S075,R18,2.0
S075,R02,5.0
S075,R03,4.0
S075,R36,2.0
S075,R10,1.0
S075,R15,2.0
S075,R14,3.0
S075,R04,5.0
S075,R28,1.0
S076,R25,5.0
S076,R03,2.0
S076,R18,1.0
S076,R27,2.0
S076,R21,2.0
S076,R24,4.0
S076,R02,1.0
S076,R29,2.0
S076,R16,2.0
S076,R10,2.0
S076,R32,2.0
S076,R14,1.0
S076,R20,3.0
S076,R05,2.0
S077,R14,1.0
S077,R15,3.0
S077,R23,4.0
S077,R31,1.0
S077,R22,4.0
S077,R07,3.0
S077,R03,2.0
S077,R26,3.0
S077,R35,3.0
S077,R20,4.0
S077,R25,2.0
S077,R08,3.0
S077,R05,3.0
S077,R30,2.0
S077,R36,2.0
S078,R05,1.0
S078,R17,5.0
S078,R04,2.0
S078,R19,4.0
S078,R23,3.0
S078,R33,2.0
S078,R02,3.0
S078,R01,3.0
S078,R14,3.0
S078,R31,2.0
S078,R07,2.0
S078,R25,2.0
S079,R36,3.0
S079,R04,3.0
S079,R24,2.0
S079,R14,2.0
S079,R13,2.0
S079,R26,2.0
S079,R28,3.0
S079,R07,3.0
S079,R08,2.0
S079,R30,2.0
S079,R10,1.0
S079,R35,3.0
S080,R29,3.0
S080,R33,3.0
S080,R22,3.0
S080,R03,3.0
S080,R16,4.0
S080,R17,5.0
S080,R32,2.0
S080,R10,4.0
S080,R15,4.0
S080,R09,3.0
S081,R21,3.0
S081,R34,4.0
S081,R27,1.0
S081,R33,4.0
S081,R32,2.0
S081,R04,5.0
S081,R22,2.0
S081,R25,2.0
S081,R20,2.0
S081,R26,3.0
S081,R02,4.0
S081,R06,5.0
S081,R29,3.0
S082,R13,3.0
S082,R19,1.0
S082,R22,1.0
S082,R28,1.0
S082,R14,2.0
S082,R08,3.0
S082,R15,3.0
S082,R27,3.0
S082,R05,2.0
S082,R03,2.0
S082,R01,3.0
S083,R23,5.0
S083,R22,4.0
S083,R17,3.0
S083,R11,3.0
S083,R06,2.0
S083,R10,2.0
S083,R28,2.0
S083,R03,3.0
S083,R04,4.0
S083,R14,2.0
S084,R27,1.0
S084,R31,1.0
S084,R12,3.0
S084,R23,4.0
S084,R06,3.0
S084,R36,2.0
S084,R09,3.0
S084,R08,3.0
S084,R02,2.0
S084,R26,3.0
S084,R15,2.0
S084,R13,2.0
S084,R28,3.0
S085,R11,3.0
S085,R29,3.0
S085,R32,2.0
S085,R01,3.0
S085,R25,3.0
S085,R14,3.0
S085,R21,4.0
S085,R22,4.0
S085,R16,3.0
S085,R30,2.0
S085,R02,3.0
S085,R19,4.0
S085,R15,2.0
S085,R12,2.0
S085,R09,2.0
S086,R27,2.0
S086,R14,4.0
S086,R06,2.0
S086,R18,5.0
S086,R04,2.0
S086,R23,2.0
S086,R15,4.0
S086,R03,3.0
S086,R19,3.0
S086,R16,3.0
S086,R09,1.0
S086,R22,3.0
S086,R12,3.0
S087,R16,2.0
S087,R36,3.0
S087,R23,2.0
S087,R05,2.0
S087,R19,4.0
S087,R28,2.0
S087,R22,4.0
S087,R27,2.0
S087,R24,2.0
S087,R29,2.0
S087,R15,2.0
S087,R34,3.0
S088,R07,1.0
S088,R22,3.0
S088,R16,3.0
S088,R02,4.0
S088,R28,4.0
S088,R29,4.0
S088,R33,4.0
S088,R30,5.0
S088,R05,3.0
S088,R01,3.0
S088,R10,2.0
S088,R34,2.0
S089,R26,3.0
S089,R14,3.0
S089,R21,4.0
S089,R23,3.0
S089,R36,2.0
S089,R06,2.0
S089,R33,4.0
S089,R34,1.0
S089,R12,3.0
S089,R10,3.0
S089,R04,3.0
S089,R15,2.0
S089,R22,3.0
S089,R03,2.0
S090,R14,3.0
S090,R11,3.0
S090,R23,3.0
S090,R30,3.0
S090,R19,3.0
S090,R33,3.0
S090,R25,1.0
S090,R28,2.0
S090,R35,2.0
S090,R04,3.0
S090,R05,2.0
S090,R31,1.0
S091,R19,2.0
S091,R16,2.0
S091,R36,3.0
S091,R12,2.0
S091,R25,5.0
S091,R07,3.0
S091,R08,2.0
S091,R23,2.0
S091,R22,3.0
S091,R21,2.0
S091,R17,1.0
S091,R02,1.0
S092,R02,3.0
S092,R32,2.0
S092,R19,2.0
S092,R09,5.0
S092,R04,3.0
S092,R33,3.0
S092,R05,3.0
S092,R17,3.0
S092,R29,3.0
S092,R30,2.0
S092,R26,4.0
S092,R12,3.0
S092,R10,4.0
S092,R34,3.0
S092,R21,3.0
S093,R27,2.0
S093,R32,2.0
S093,R17,4.0
S093,R21,3.0
S093,R36,2.0
S093,R04,5.0
S093,R24,1.0
S093,R09,4.0
S093,R10,1.0
S093,R02,4.0
S093,R16,3.0
S094,R04,2.0
S094,R06,2.0
S094,R23,4.0
S094,R14,1.0
S094,R03,2.0
S094,R30,2.0
S094,R26,2.0
S094,R34,2.0
S094,R02,2.0
S094,R33,4.0
S094,R27,1.0
S095,R20,3.0
S095,R22,3.0
S095,R08,3.0
S095,R26,3.0
S095,R33,3.0
S095,R06,2.0
S095,R36,3.0
S095,R02,3.0
S095,R01,3.0
S095,R21,3.0
S095,R27,2.0
S095,R23,3.0
S095,R15,4.0
S095,R07,3.0
S095,R17,3.0
S096,R29,5.0
S096,R32,4.0
S096,R04,3.0
S096,R28,4.0
S096,R34,2.0
S096,R05,2.0
S096,R31,3.0
S096,R22,3.0
S096,R16,3.0
S096,R13,3.0
S096,R35,2.0
S096,R23,3.0
S096,R06,3.0
S096,R15,2.0
S097,R08,3.0
S097,R36,2.0
S097,R23,3.0
S097,R25,1.0
S097,R32,2.0
S097,R04,2.0
S097,R15,5.0
S097,R07,3.0
S097,R27,4.0
S097,R30,2.0
S097,R16,4.0
S097,R24,2.0
S098,R26,2.0
S098,R36,2.0
S098,R12,3.0
S098,R31,2.0
S098,R29,2.0
S098,R23,4.0
S098,R06,3.0
S098,R19,5.0
S098,R14,1.0
S098,R28,2.0
S098,R16,2.0
S098,R09,2.0
S098,R18,3.0
S099,R27,3.0
S099,R31,3.0
S099,R09,2.0
S099,R24,2.0
S099,R30,2.0
S099,R28,2.0
S099,R23,5.0
S099,R25,2.0
S099,R06,2.0
S099,R08,3.0
S100,R14,4.0
S100,R20,2.0
S100,R32,2.0
S100,R13,4.0
S100,R25,2.0
S100,R08,1.0
S100,R05,1.0
S100,R18,4.0
S100,R30,3.0
S100,R07,3.0
S100,R02,3.0
S100,R09,2.0
S100,R35,2.0
S100,R19,2.0
S100,R36,2.0
S101,R18,2.0
S101,R29,3.0
S101,R12,3.0
S101,R19,4.0
S101,R24,3.0
S101,R09,3.0
S101,R05,5.0
S101,R35,3.0
S101,R33,4.0
S101,R34,3.0
S101,R01,5.0
S101,R23,4.0
S101,R28,3.0
S101,R17,2.0
S102,R05,1.0
S102,R29,2.0
S102,R18,1.0
S102,R12,3.0
S102,R02,2.0
S102,R15,3.0
S102,R30,1.0
S102,R06,1.0
S102,R16,3.0
S102,R09,4.0
S102,R35,3.0
S103,R03,2.0
S103,R02,3.0
S103,R23,4.0
S103,R07,2.0
S103,R04,3.0
S103,R05,4.0
S103,R32,3.0
S103,R34,4.0
S103,R21,5.0
S103,R11,3.0
S103,R22,5.0
S103,R25,3.0
S103,R10,2.0
S103,R31,1.0
S103,R29,3.0
S103,R24,3.0
S104,R04,4.0
S104,R29,3.0
S104,R18,3.0
S104,R07,1.0
S104,R15,5.0
S104,R14,4.0
S104,R11,2.0
S104,R03,3.0
S104,R17,4.0
S104,R08,3.0
S104,R05,2.0
S104,R01,3.0
S104,R28,3.0
S105,R30,3.0
S105,R29,5.0
S105,R18,3.0
S105,R33,3.0
S105,R20,4.0
S105,R26,2.0
S105,R17,1.0
S105,R16,3.0
S105,R11,2.0
S105,R05,3.0
S105,R28,3.0
S105,R23,4.0
S105,R27,3.0
S105,R03,2.0
S105,R01,2.0
S106,R10,2.0
S106,R05,3.0
S106,R32,3.0
S106,R12,2.0
S106,R15,2.0
S106,R34,2.0
S106,R13,4.0
S106,R04,1.0
S106,R31,2.0
S106,R08,2.0
S107,R33,3.0
S107,R10,4.0
S107,R24,2.0
S107,R13,3.0
S107,R16,3.0
S107,R04,3.0
S107,R34,2.0
S107,R35,1.0
S107,R18,2.0
S107,R28,2.0
S108,R26,3.0
S108,R08,5.0
S108,R15,3.0
S108,R03,2.0
S108,R24,3.0
S108,R33,4.0
S108,R06,3.0
S108,R07,4.0
S108,R21,3.0
S108,R04,2.0
S108,R27,2.0
S108,R31,3.0
S108,R18,2.0
S108,R12,3.0
S108,R20,3.0
S109,R09,4.0
S109,R25,1.0
S109,R20,3.0
S109,R04,4.0
S109,R34,4.0
S109,R11,4.0
S109,R35,2.0
S109,R28,2.0
S109,R27,1.0
S109,R12,2.0
S109,R21,3.0
S109,R14,2.0
S110,R09,2.0
S110,R17,3.0
S110,R24,1.0
S110,R15,2.0
S110,R28,3.0
S110,R35,2.0
S110,R12,3.0
S110,R02,3.0
S110,R06,4.0
S110,R25,1.0
S110,R10,1.0
S111,R26,2.0
S111,R13,2.0
S111,R18,2.0
S111,R24,3.0
S111,R25,3.0
S111,R34,3.0
S111,R30,2.0
S111,R12,3.0
S111,R29,2.0
S111,R11,3.0
S111,R04,3.0
S111,R28,2.0
S111,R01,4.0
S112,R05,3.0
S112,R23,1.0
S112,R25,5.0
S112,R09,4.0
S112,R29,2.0
S112,R27,3.0
S112,R28,2.0
S112,R10,3.0
S112,R18,3.0
S113,R26,4.0
S113,R30,3.0
S113,R18,2.0
S113,R02,2.0
S113,R23,2.0
S113,R01,2.0
S113,R16,4.0
S113,R36,2.0
S113,R12,3.0
S113,R21,3.0
S113,R29,2.0
S113,R17,3.0
S113,R31,2.0
S113,R25,4.0
S113,R07,5.0
S114,R04,3.0
S114,R19,3.0
S114,R02,3.0
S114,R27,2.0
S114,R20,3.0
S114,R11,1.0
S114,R09,2.0
S114,R36,2.0
S114,R18,4.0
S115,R25,3.0
S115,R01,2.0
S115,R14,2.0
S115,R29,3.0
S115,R28,2.0
S115,R19,2.0
S115,R23,3.0
S115,R34,3.0
S115,R31,2.0
S115,R35,2.0
S116,R02,3.0
S116,R23,2.0
S116,R20,3.0
S116,R12,3.0
S116,R18,2.0
S116,R31,2.0
S116,R21,2.0
S116,R14,2.0
S116,R15,2.0
S117,R25,4.0
S117,R04,1.0
S117,R24,4.0
S117,R11,2.0
S117,R01,3.0
S117,R07,3.0
S117,R21,2.0
S117,R13,3.0
S117,R17,1.0
S117,R14,2.0
S117,R33,4.0
S117,R27,3.0
S117,R19,2.0
S117,R03,1.0
S117,R18,2.0
S117,R28,2.0
S118,R03,2.0
S118,R14,4.0
S118,R12,3.0
S118,R26,3.0
S118,R09,3.0
S118,R18,4.0
S118,R23,3.0
S118,R13,4.0
S118,R24,2.0
S119,R05,1.0
S119,R11,2.0
S119,R32,2.0
S119,R06,2.0
S119,R36,2.0
S119,R08,2.0
S119,R09,3.0
S119,R16,2.0
S119,R02,3.0
S119,R17,2.0
S120,R07,2.0
S120,R31,4.0
S120,R33,3.0
S120,R17,2.0
S120,R35,2.0
S120,R23,2.0
S120,R13,5.0
S120,R29,3.0
S120,R30,2.0
S120,R02,2.0
S120,R25,3.0
S120,R19,2.0
S120,R11,1.0
